424175,袁哲生,男,1966-02-09 至 2004-04-06,中国台湾,"[('寂寞的游戏', '8.7', '498'), ('倪亚达很不屑', '9.1', '147'), ('倪亚达脸红了', '9.1', '123'), ('秀才的手表', '8.0', '119'), ('倪亚达FUN暑假', '9.0', '80'), ('o止在', '9.7', '30')]"
101311,莉迪亚・戴维斯 Lydia Davis,女,1947-07-15,美国,"[('几乎没有记忆', '7.7', '873'), ('困扰种种', '7.9', '348'), ('故事的终结', '8.3', '302')]"
1384153,库尔特・冯内古特 Kurt Vonnegut,男,1922-11-11 至 2007-04-11,美国,"[('没有国家的人', '7.7', '2029'), ('囚鸟', '8.1', '1604'), ('五号屠场', '8.7', '1036'), ('猫的摇篮', '8.3', '966'), ('冠军早餐 囚鸟', '8.6', '807'), ('众生安眠', '8.1', '554')]"
2081294,埃莱娜・费兰特 Elena Ferrante,女,1943,意大利,"[('我的天才女友', '8.5', '6345'), ('新名字的故事', '9.2', '3791'), ('离开的，留下的', '9.1', '1155'), ('Those Who Leave and Those Who Stay', '8.8', '111'), ('The Story of the Lost Child', '9.0', '106'), ('The Days of Abandonment', '7.6', '12')]"
4564673,谷口治郎 Jiro Taniguchi,男,1947-08-14 至 2017-02-12,日本,"[('散步去', '8.6', '1864'), ('孤的美食家', '8.6', '883'), ('父之', '9.2', '475'), ('bh的小（上）', '8.9', '401'), ('bh的小（下）', '9.0', '283'), ('沃木', '8.9', '274')]"
563408,马克-安托万・马修 Marc-Antoine Mathieu,男,1959-06-03,法国,"[('画的秘密', '8.7', '1150'), ('方向', '8.8', '991'), ('全民审判', '8.7', '396')]"
493691,萨尔曼・鲁西迪 Salman Rushdie,男,1947-06-19,英国,"[('午夜之子', '8.5', '1184'), ('佛罗伦萨的神女', '8.5', '806'), ('羞耻', '8.0', '630'), ('摩尔人的最后叹息', '7.9', '344'), ('魔鬼篇', '8.9', '118'), ('东方，西方', '8.2', '53')]"
4513690,阿尔贝・加缪 Albert Camus,男,1913-11-07 至 1960-01-04,法国,"[('局外人', '9.0', '32057'), ('鼠疫', '8.5', '4981'), ('西西弗的神话', '8.8', '3950'), ('加缪文集', '9.1', '1874'), ('加缪全集 （小说卷）', '9.3', '1843'), ('置身于苦难与阳光之间', '8.6', '1121')]"
4512435,乔治・奥威尔 George Orwell,男,1903-06-25 至 1950-01-21,英国,"[('1984', '9.3', '41498'), ('动物农场', '9.2', '33172'), ('一九八四・动物农场', '9.3', '24918'), ('巴黎伦敦落魄记', '8.2', '1437'), ('我为什么要写作', '8.4', '1378'), ('向加泰罗尼亚致敬', '8.7', '1016')]"
4540792,柳鸣九,男,1934-04,中国,"[('羊脂球', '8.1', '43869'), ('局外人', '9.0', '32057'), ('加缪全集 （小说卷）', '9.3', '1843'), ('羊脂球', '8.4', '831'), ('某种微笑', '7.9', '567'), ('加缪全集（全四册）', '9.3', '409')]"
4502389,钱锺书 Zhongshu Qian,男,1910-11-21 至 1998-12-19,中国,"[('围城', '8.9', '193415'), ('人・兽・鬼', '8.7', '7900'), ('写在人生边上 人生边上的边上 石语', '8.9', '7095'), ('写在人生边上', '8.8', '5414'), ('宋诗选注', '8.8', '2241'), ('七缀集', '8.9', '1592')]"
4510990,安东尼・德・圣-埃克苏佩里 Antoine de Saint-Exupéry,男,1900-06-29 至 1944-07-31,法国,"[('小王子', '9.0', '232540')]"
688281,安东尼・德・圣-埃克苏佩里 Antoine de Saint-Exupéry,男,1900-06-29 至 1944-07-31,法国,"[('小王子', '9.0', '232540'), ('夜航', '8.3', '1068'), ('人的大地', '9.1', '280'), ('小王子', '9.1', '266'), ('小王子', '9.0', '185'), ('人的大地', '8.8', '180')]"
152809,傅惟慈,男,1923 至 2014-03-16,中国,"[('月亮和六便士', '9.0', '73771'), ('一九八四・动物农场', '9.3', '24918'), ('1984', '9.4', '16704'), ('毛姆短篇小说精选集', '9.1', '5095'), ('动物农场', '9.2', '4973'), ('爱心树', '9.1', '3132')]"
4576950,威廉・萨默塞特・毛姆 William Somerset Maugham,男,1874-01-25 至 1965-12-16,英国,"[('月亮和六便士', '9.0', '73771'), ('刀锋', '9.0', '27400'), ('面纱', '8.7', '12726'), ('人生的枷锁', '9.0', '12298'), ('毛姆短篇小说精选集', '9.1', '5095'), ('毛姆读书随笔', '8.6', '4733')]"
4537266,东野圭吾 Keigo Higashino,男,1958-02-04,日本,"[('解忧杂货店', '8.6', '256377'), ('白夜行', '9.1', '200532'), ('嫌疑人X的献身', '8.9', '153567'), ('放学后', '7.6', '77175'), ('恶意', '8.4', '72406'), ('幻夜', '7.5', '42728')]"
1042608,山田宗树,男,1965,日本,"[('被嫌弃的松子的一生', '8.7', '1425'), ('百年法', '8.5', '563'), ('怪物', '7.6', '12')]"
4504184,汪曾祺,男,1920-03-05 至 1997-05-16,中国,"[('人间草木', '9.0', '5215'), ('受戒', '9.2', '4573'), ('岁朝清供', '9.2', '2986'), ('五味', '8.8', '2504'), ('汪曾祺谈吃', '8.9', '2383'), ('汪曾祺散文', '9.2', '2097')]"
607288,玛格丽特・阿特伍德 Margaret Atwood,女,1939-11-18,加拿大,"[('盲刺客', '8.8', '1245'), ('使女的故事', '8.2', '828'), ('好骨头', '8.1', '527'), ('可以吃的女人', '7.7', '435'), ('珀涅罗珀记', '7.7', '403'), ('黑暗中谋杀', '8.0', '398')]"
4508171,三岛由纪夫 Yukio Mishima,男,1925-01-14 至 1970-11-25,日本,"[('金阁寺', '8.6', '11293'), ('潮骚', '8.2', '6178'), ('春雪', '8.9', '4204'), ('假面自白', '8.4', '4200'), ('爱的饥渴', '8.0', '2450'), ('奔马', '8.8', '1536')]"
348272,詹姆斯・伍德 James Wood,男,1965-11-01,英国,"[('小说机杼', '9.0', '634'), ('最接近生活的事物', '9.0', '182'), ('不负责任的自我', '9.0', '104'), ('私货', '8.5', '30')]"
234533,布鲁诺・舒尔茨 Bruno Schulz,男,1892-07-12 至 1942-11-19,波兰,"[('鳄鱼街', '8.5', '1266'), ('肉桂色铺子', '8.8', '729'), ('与撒旦的约定', '7.5', '43')]"
234536,陆源,男,1980,中国,"[('祖先的爱情', '8.1', '268'), ('沙漏做招牌的疗养院', '8.6', '185'), ('肉桂色铺子及其他故事', '9.1', '70'), ('范湖湖的奇幻夏天', '8.5', '26')]"
145451,刘以鬯,男,1918-12-07,中国,"[('酒徒', '8.4', '623'), ('迷楼', '8.0', '262'), ('对倒', '8.2', '235'), ('刘以鬯小说自选集', '8.9', '135'), ('天堂与地狱', '8.2', '25'), ('过去的日子/郁金香文丛', '7.0', '16')]"
4528097,胡利奥・科塔萨尔 Julio Cortázar,男,1914-08-26 至 1984-02-02,阿根廷,"[('万火归一', '8.7', '3497'), ('克罗诺皮奥与法玛的故事', '8.8', '2187'), ('动物寓言集', '8.3', '1650'), ('游戏的终结', '8.7', '1349'), ('跳房子', '8.5', '1001'), ('被占的宅子', '8.6', '690')]"
4570571,安・泰勒 Anne Tyler,女,1941-10-25,美国,"[('思家小馆的晚餐', '7.8', '429'), ('呼吸课', '7.8', '299'), ('凯特的选择', '7.8', '93'), ('意外的旅客', '8.1', '55'), ('发展心理学与你', '8.0', '28'), ('伊恩的救赎', '5.5', '26')]"
4528225,弗拉基米尔・纳博科夫 Vladimir Nabokov,男,1899-04-22 至 1977-07-02,美国,"[('洛丽塔', '7.7', '54900'), ('黑暗中的笑声', '8.4', '1677'), ('微暗的火', '8.6', '1455'), ('普宁', '8.2', '1407'), ('说吧，记忆', '8.8', '1404'), ('玛丽', '8.2', '1285')]"
1324068,阿巴斯・基阿鲁斯达米 Abbas Kiarostami,男,1940-06-22 至 2016-07-04,伊朗,"[('随风而行', '8.6', '1450'), ('一只狼在放哨', '8.5', '412')]"
4526928,黄灿然,男,1963-12,中国,"[('论摄影', '8.8', '3372'), ('里尔克诗选', '8.9', '3292'), ('论摄影', '8.8', '3202'), ('为什么读经典', '8.4', '3012'), ('聂鲁达诗选', '8.7', '1944'), ('新千年文学备忘录', '9.2', '1880')]"
4514884,莫言,男,1955-02-17,中国,"[('蛙', '7.9', '13202'), ('檀香刑', '8.2', '12593'), ('生死疲劳', '8.2', '8548'), ('丰乳肥臀', '8.0', '6658'), ('红高粱家族', '8.3', '2336'), ('透明的红萝卜', '7.8', '1822')]"
799466,纳丁・戈迪默 Nadine Gordimer,女,1923-11-20 至 2014-07-14,南非,"[('偶遇者', '8.1', '130'), ('贝多芬是1/16黑人', '7.7', '114'), ('童年时光', '7.9', '100'), ('爱的讲述', '8.2', '62'), ('新生', '6.8', '48'), ('我儿子的故事', '7.7', '43')]"
4532740,威廉・戈尔丁 William Golding,男,1911-09-19 至 1993-06-19,英国,"[('蝇王', '8.3', '6249'), ('黑暗昭昭', '7.5', '100'), ('埃及纪行', '7.0', '44'), ('金字塔', '8.5', '44'), ('品彻・马丁', '7.8', '37'), ('启蒙之旅', '8.2', '34')]"
4502598,董乐山,男,1924-11-14 至 1999-01-16,中国,"[('一九八四・动物农场', '9.3', '24918'), ('一九八四', '9.3', '24293'), ('蒂凡尼的早餐', '8.1', '8631'), ('西行漫记', '8.4', '2062'), ('巴黎烧了吗?', '8.8', '1897'), ('锅匠，裁缝，士兵，间谍', '8.3', '1792')]"
4527234,刘瑜,女,1975-12-24,中国,"[('送你一颗子弹', '8.6', '90180'), ('民主的细节', '8.6', '54500'), ('观念的水位', '8.3', '18225'), ('余欢', '7.7', '7940'), ('那么，爱呢？', '7.3', '2975'), ('给理想一点时间', '7.1', '2012')]"
4571364,周煦良,男,1905 至 1984,中国,"[('刀锋', '9.0', '27400'), ('存在主义是一种人道主义', '8.2', '1290'), ('珍妮的肖像', '9.0', '136'), ('福尔赛世家', '8.2', '114'), ('水孩子', '9.1', '61'), ('天边灯塔', '7.0', '53')]"
4562822,米兰・昆德拉 Milan Kundera,男,1929-04-01,捷克,"[('不能承受的生命之轻', '8.5', '137140'), ('生活在别处', '8.4', '24280'), ('不朽', '8.6', '10358'), ('玩笑', '8.4', '9026'), ('笑忘录', '8.4', '8867'), ('慢', '7.9', '8555')]"
4534365,黄仁宇 Ray Huang,男,1918-06-25 至 2000-01-08,美国,"[('万历十五年', '8.9', '63044'), ('中国大历史', '8.3', '18663'), ('赫逊河畔谈中国历史', '8.1', '5309'), ('黄河青山', '8.4', '2973'), ('资本主义与二十一世纪', '8.1', '2104'), ('从大历史的角度读蒋介石日记', '8.1', '1373')]"
4576627,伊塔洛・卡尔维诺 Italo Calvino,男,1923-10-15 至 1985-09-19,意大利,"[('看不见的城市', '8.8', '26739'), ('树上的男爵', '9.1', '10859'), ('如果在冬夜，一个旅人', '8.7', '7832'), ('分成两半的子爵', '8.7', '5756'), ('不存在的骑士', '8.8', '4798'), ('卡尔维诺文集（第三卷）', '9.3', '4088')]"
4572322,赫尔曼・黑塞 Hermann Hesse,男,1877-07-02 至 1962-08-09,德国,"[('悉达多', '9.0', '13092'), ('德米安', '9.0', '6819'), ('荒原狼', '8.9', '4270'), ('纳尔齐斯与歌尔德蒙', '9.2', '2574'), ('在轮下', '8.4', '2088'), ('玻璃球游戏', '9.0', '1948')]"
4503668,余华,男,1960-04-03,中国,"[('活着', '9.1', '138429'), ('许三观卖血记', '8.7', '64229'), ('兄弟（上）', '8.3', '58943'), ('兄弟（下）', '7.4', '37304'), ('第七天', '6.8', '29749'), ('在细雨中呼喊', '8.3', '14655')]"
4548691,黄永玉 Huang Yongyu,男,1924-07-09,中国,"[('边城', '8.6', '71758'), ('沿着塞纳河到翡冷翠', '8.7', '3886'), ('比我老的老头', '8.3', '3543'), ('湘行散记', '8.7', '2539'), ('长河', '8.8', '670'), ('无愁河的浪荡汉子・朱雀城', '9.3', '477')]"
4502034,沈从文,男,1902-12-28 至 1988-05-10,中国,"[('边城', '8.6', '71758'), ('湘行散记', '8.7', '2539'), ('从文自传', '8.9', '1227'), ('萧萧', '8.6', '816'), ('沈从文精选集', '8.9', '781'), ('长河', '8.8', '670')]"
4502504,张爱玲   Eileen Chang,女,1920-09-30 至 1995-09-08,中国,"[('倾城之恋', '8.5', '89186'), ('小团圆', '7.6', '40961'), ('红玫瑰与白玫瑰', '8.4', '40036'), ('半生缘', '8.6', '36596'), ('金锁记', '8.5', '29560'), ('第一炉香', '8.3', '17797')]"
4587509,玛格丽特・米切尔 Margaret Mitchell,女,1900-11-08 至 1949-08-16,美国,"[('飘', '9.3', '79890'), ('飘（下）', '9.3', '799'), ('飘（中）', '9.5', '187'), ('失去的莱松岛', '7.5', '41'), ('飘', '8.2', '15'), ('飘', '8.0', '12')]"
4513024,路遥,男,1949-12-03 至 1992-11-17,中国,"[('平凡的世界（全三部）', '9.0', '103380'), ('人生', '8.4', '17702'), ('早晨从中午开始', '9.0', '944'), ('路遥全集', '8.6', '495'), ('路遥精选集', '8.3', '308'), ('路遥文集(全5卷)', '9.2', '224')]"
4543693,阿加莎・克里斯蒂 Agatha Christie,女,1890-09-15 至 1976-01-12,英国,"[('东方快车谋杀案', '9.0', '39389'), ('无人生还', '8.9', '35836'), ('尼罗河上的惨案', '8.7', '19319'), ('罗杰疑案', '8.9', '16640'), ('ABC谋杀案', '8.0', '10526'), ('阳光下的罪恶', '8.2', '9636')]"
4502363,林少华,男,1952,中国,"[('挪威的森林', '8.0', '189834'), ('海边的卡夫卡', '8.1', '62458'), ('且听风吟', '7.8', '42479'), ('世界尽头与冷酷仙境', '8.6', '25788'), ('国境以南 太阳以西', '8.3', '24380'), ('舞！舞！舞！', '8.3', '20325')]"
4502361,村上春树 Haruki Murakami,男,1949-01-12,日本,"[('挪威的森林', '8.0', '189834'), ('1Q84 BOOK 1', '8.3', '78890'), ('海边的卡夫卡', '8.1', '62458'), ('1Q84 BOOK 2', '8.4', '50987'), ('当我谈跑步时我谈些什么', '8.1', '46470'), ('且听风吟', '7.8', '42479')]"
1039386,加西亚・马尔克斯 García Márquez,男,1927-03-06 至 2014-04-17,哥伦比亚,"[('百年孤独', '9.2', '122244'), ('霍乱时期的爱情', '9.0', '65564'), ('没有人给他写信的上校', '8.5', '13266'), ('一桩事先张扬的凶杀案', '8.7', '11527'), ('枯枝败叶', '7.9', '6996'), ('苦妓回忆录', '7.8', '5041')]"
1039386,加西亚・马尔克斯 García Márquez,男,1927-03-06 至 2014-04-17,哥伦比亚,"[('百年孤独', '9.2', '122244'), ('霍乱时期的爱情', '9.0', '65565'), ('没有人给他写信的上校', '8.5', '13266'), ('一桩事先张扬的凶杀案', '8.7', '11528'), ('枯枝败叶', '7.9', '6996'), ('苦妓回忆录', '7.8', '5041')]"
500079,普里莫・莱维 Primo Levi,男,1919-07-31 至 1987-04-11,意大利,"[('被淹没和被拯救的', '9.2', '1636'), ('再度觉醒', '9.0', '774'), ('这是不是个人', '8.9', '330'), ('若非此时，何时？', '8.7', '219'), ('周期表', '8.2', '204'), ('这就是奥斯维辛', '8.7', '41')]"
4572322,赫尔曼・黑塞 Hermann Hesse,男,1877-07-02 至 1962-08-09,德国,"[('悉达多', '9.0', '13093'), ('德米安', '9.0', '6820'), ('荒原狼', '8.9', '4270'), ('纳尔齐斯与歌尔德蒙', '9.2', '2574'), ('在轮下', '8.4', '2088'), ('玻璃球游戏', '9.0', '1948')]"
4510773,今何在,男,1977-12-23,中国,"[('悟空传', '8.4', '61464'), ('九州・羽传说', '8.2', '10018'), ('海上牧云记', '7.7', '7160'), ('西游日记', '7.7', '6648'), ('中国式青春', '7.4', '5149'), ('若星汉天空', '8.0', '4329')]"
1039386,加西亚・马尔克斯 García Márquez,男,1927-03-06 至 2014-04-17,哥伦比亚,"[('百年孤独', '9.2', '122244'), ('霍乱时期的爱情', '9.0', '65565'), ('没有人给他写信的上校', '8.5', '13266'), ('一桩事先张扬的凶杀案', '8.7', '11528'), ('枯枝败叶', '7.9', '6996'), ('苦妓回忆录', '7.8', '5041')]"
500079,普里莫・莱维 Primo Levi,男,1919-07-31 至 1987-04-11,意大利,"[('被淹没和被拯救的', '9.2', '1636'), ('再度觉醒', '9.0', '774'), ('这是不是个人', '8.9', '330'), ('若非此时，何时？', '8.7', '219'), ('周期表', '8.2', '204'), ('这就是奥斯维辛', '8.7', '41')]"
4572322,赫尔曼・黑塞 Hermann Hesse,男,1877-07-02 至 1962-08-09,德国,"[('悉达多', '9.0', '13093'), ('德米安', '9.0', '6820'), ('荒原狼', '8.9', '4270'), ('纳尔齐斯与歌尔德蒙', '9.2', '2574'), ('在轮下', '8.4', '2088'), ('玻璃球游戏', '9.0', '1948')]"
4510773,今何在,男,1977-12-23,中国,"[('悟空传', '8.4', '61464'), ('九州・羽传说', '8.2', '10018'), ('海上牧云记', '7.7', '7160'), ('西游日记', '7.7', '6648'), ('中国式青春', '7.4', '5149'), ('若星汉天空', '8.0', '4329')]"
355947,考琳・麦卡洛 Colleen McCullough,女,1937-06-01 至 2015-01-29,澳大利亚,"[('荆棘鸟', '8.6', '31930'), ('呼唤', '8.2', '846'), ('班纳特小姐的自立', '7.0', '155'), ('恺撒大传', '6.7', '94'), ('荆棘鸟', '9.1', '74'), ('遍地凶案', '5.2', '24')]"
4504184,汪曾祺,男,1920-03-05 至 1997-05-16,中国,"[('人间草木', '9.0', '5215'), ('受戒', '9.2', '4573'), ('岁朝清供', '9.2', '2986'), ('五味', '8.8', '2504'), ('汪曾祺谈吃', '8.9', '2383'), ('汪曾祺散文', '9.2', '2097')]"
101143,乔治・R・R・马丁 George R.R. Martin,男,1948,美国,"[('冰与火之歌（卷一）', '9.3', '23321'), ('冰与火之歌（卷二）', '9.4', '12622'), ('冰与火之歌（卷三）', '9.5', '10897'), ('冰与火之歌・卷四・群鸦的盛宴（全两册）', '9.2', '8825'), ('冰与火之歌・卷五・魔龙的狂舞（全三册）', '9.4', '6633'), ('冰与火之歌（卷一）', '9.4', '4816')]"
4502504,张爱玲   Eileen Chang,女,1920-09-30 至 1995-09-08,中国,"[('倾城之恋', '8.5', '89187'), ('小团圆', '7.6', '40961'), ('红玫瑰与白玫瑰', '8.4', '40038'), ('半生缘', '8.6', '36597'), ('金锁记', '8.5', '29561'), ('第一炉香', '8.3', '17797')]"
4543666,马塞尔・普鲁斯特 Marcel Proust,男,1871-07-10 至 1922-11-18,法国,"[('追忆似水年华 Ⅰ', '8.7', '8697'), ('追忆似水年华（上下册）', '9.1', '2393'), ('追寻逝去的时光', '8.6', '394'), ('在少女花影下', '9.4', '383'), ('追忆似水年华（第三卷）', '8.9', '336'), ('驳圣伯夫', '8.7', '274')]"
122104,阿城,男,1949-04-05,中国,"[('棋王', '8.7', '14135'), ('阿城精选集', '9.1', '4061'), ('棋王.渫.孩子王', '9.1', '3311'), ('常识与通识', '8.6', '2740'), ('威尼斯日记', '8.6', '2052'), ('闲话闲说', '8.7', '1906')]"
607288,玛格丽特・阿特伍德 Margaret Atwood,女,1939-11-18,加拿大,"[('盲刺客', '8.8', '1245'), ('使女的故事', '8.2', '829'), ('好骨头', '8.1', '527'), ('可以吃的女人', '7.7', '435'), ('珀涅罗珀记', '7.7', '403'), ('黑暗中谋杀', '8.0', '398')]"
109845,安・兰德 Ayn Rand,女,1905-02-02 至 1982-03-06,美国,"[('源泉', '9.1', '5083'), ('阿特拉斯耸耸肩（上下）', '8.7', '2891'), ('一个人', '7.6', '874'), ('自私的德性', '8.6', '755'), ('致新知识分子', '8.4', '294'), ('通往明天的唯一道路', '8.0', '241')]"
4549225,李碧华 Lilian Lee,女,1959,中国香港,"[('霸王别姬 青蛇', '8.9', '14388'), ('青蛇', '8.4', '11733'), ('胭脂扣', '8.0', '7208'), ('胭脂扣 生死桥', '8.5', '5757'), ('潘金莲之前世今生 诱僧', '7.7', '4352'), ('生死桥', '8.2', '3841')]"
256799,马里奥・普佐 Mario Puzo,男,1920-10-15 至 1999-07-02,美国,"[('教父', '9.0', '17206'), ('教父2', '8.3', '2117'), ('教父 3：最后的教父', '8.5', '1438'), ('西西里人', '8.5', '284'), ('乌默它', '7.7', '249'), ('家族', '7.6', '211')]"
4508171,三岛由纪夫 Yukio Mishima,男,1925-01-14 至 1970-11-25,日本,"[('金阁寺', '8.6', '11294'), ('潮骚', '8.2', '6178'), ('春雪', '8.9', '4204'), ('假面自白', '8.4', '4200'), ('爱的饥渴', '8.0', '2451'), ('奔马', '8.8', '1536')]"
4528225,弗拉基米尔・纳博科夫 Vladimir Nabokov,男,1899-04-22 至 1977-07-02,美国,"[('洛丽塔', '7.7', '54900'), ('黑暗中的笑声', '8.4', '1677'), ('微暗的火', '8.6', '1455'), ('普宁', '8.2', '1407'), ('说吧，记忆', '8.8', '1404'), ('玛丽', '8.2', '1285')]"
4519645,林海音 Haiyin Lin,女,1918-03-18 至 2001-12-01,中国,"[('城南旧事', '8.9', '24982'), ('城南旧事', '9.4', '437'), ('林海音经典作品', '8.5', '242'), ('家住书坊边', '7.6', '147'), ('中国豆腐', '7.1', '140'), ('婚姻的故事', '7.4', '112')]"
191877,丹・布朗 Dan Brown,男,1964-06-22,美国,"[('达・芬奇密码', '8.2', '129222'), ('天使与魔鬼', '8.2', '25874'), ('失落的秘符', '7.4', '25766'), ('数字城堡', '7.3', '19658'), ('骗局', '7.3', '9627'), ('地狱', '7.4', '6486')]"
1043911,艾丽丝・门罗 Alice Munro,女,1931-07-10,加拿大,"[('逃离', '8.1', '7330'), ('亲爱的生活', '7.7', '2797'), ('公开的秘密', '8.3', '1007'), ('快乐影子之舞', '8.4', '721'), ('恨，友谊，追求，爱情，婚姻', '8.4', '594'), ('幸福过了头', '8.4', '540')]"
4576627,伊塔洛・卡尔维诺 Italo Calvino,男,1923-10-15 至 1985-09-19,意大利,"[('看不见的城市', '8.8', '26741'), ('树上的男爵', '9.1', '10860'), ('如果在冬夜，一个旅人', '8.7', '7832'), ('分成两半的子爵', '8.7', '5756'), ('不存在的骑士', '8.8', '4798'), ('卡尔维诺文集（第三卷）', '9.3', '4088')]"
4503594,大仲马 Alexandre Dumas,男,1802-07-24 至 1870-12-05,法国,"[('基督山伯爵', '9.0', '52081'), ('三个火枪手', '8.3', '9166'), ('黑郁金香', '7.6', '785'), ('二十年后', '8.2', '510'), ('布拉热洛纳子爵', '8.7', '393'), ('玛戈王后', '8.5', '366')]"
110109,迟子建,女,1964-02-27,中国,"[('额尔古纳河右岸', '9.0', '7165'), ('世界上所有的夜晚', '8.6', '3736'), ('群山之巅', '7.5', '2502'), ('白雪乌鸦', '7.9', '1438'), ('晚安玫瑰', '7.0', '809'), ('伪满洲国（上下）', '8.5', '544')]"
4523626,豪・路・博尔赫斯 Jorge Luis Borges,男,1899-08-24 至 1986-06-14,阿根廷,"[('博尔赫斯小说集', '9.2', '7757'), ('小径分岔的花园', '9.1', '4046'), ('博尔赫斯诗选', '8.9', '2434'), ('虚构集', '9.2', '2400'), ('恶棍列传', '8.7', '1942'), ('博尔赫斯全集', '9.4', '1815')]"
4556606,白先勇,男,1937-07-11,中国台湾,"[('台北人', '8.9', '13750'), ('纽约客', '8.6', '7871'), ('孽子', '8.8', '7553'), ('树犹如此', '8.6', '2540'), ('寂寞的十七岁', '8.4', '1952'), ('白先勇经典作品', '8.6', '1637')]"
178515,奥德丽・尼芬格 Audrey Niffenegger,女,1963-06-13,美国,"[('时间旅行者的妻子', '8.1', '35518'), ('她的镜像幽灵', '6.7', '156')]"
4522624,王安忆,女,1954-03-06,中国,"[('长恨歌', '8.3', '28692'), ('我的抑郁症', '7.4', '5224'), ('桃之夭夭', '7.6', '4456'), ('天香', '8.0', '2233'), ('我爱比尔', '7.5', '2102'), ('启蒙时代', '7.5', '1212')]"
4562822,米兰・昆德拉 Milan Kundera,男,1929-04-01,捷克,"[('不能承受的生命之轻', '8.5', '137144'), ('生活在别处', '8.4', '24281'), ('不朽', '8.6', '10358'), ('玩笑', '8.4', '9026'), ('笑忘录', '8.4', '8867'), ('慢', '7.9', '8555')]"
110104,阿来,男,1959,中国,"[('尘埃落定', '8.4', '30365'), ('空山', '7.7', '1550'), ('格萨尔王', '7.6', '1483'), ('草木的理想国', '7.0', '691'), ('空山2', '7.6', '395'), ('瞻对', '7.3', '366')]"
126770,姜戎 Jiamin Lu,男,1946-04,中国,"[('狼图腾', '8.3', '78632'), ('小狼小狼', '7.8', '235'), ('狼图腾小狼小狼', '8.0', '145'), ('小狼小狼-狼图腾（下册）', '7.6', '17')]"
4538422,王小波,男,1952-05-13 至 1997-04-11,中国,"[('黄金时代', '8.8', '59381'), ('沉默的大多数', '9.1', '42326'), ('爱你就像爱生命', '8.8', '35946'), ('一只特立独行的猪', '8.8', '28256'), ('我的精神家园', '9.1', '18449'), ('白银时代', '8.4', '16847')]"
4561353,刘慈欣,男,1963-06-01,中国,"[('三体', '8.8', '154980'), ('三体Ⅱ', '9.3', '91808'), ('三体Ⅲ', '9.2', '90748'), ('球状闪电', '8.7', '26938'), ('流浪地球', '8.8', '10465'), ('超新星纪元', '7.5', '6553')]"
4503590,詹姆斯・乔伊斯 James Joyce,男,1882-02-02 至 1941-01-13,爱尔兰,"[('尤利西斯', '8.4', '3362'), ('都柏林人', '8.6', '3040'), ('一个青年艺术家的画像', '8.6', '741'), ('致诺拉', '7.8', '209'), ('芬尼根的守灵夜（第一卷）', '8.8', '199'), ('尤利西斯自述', '7.8', '69')]"
4528097,胡利奥・科塔萨尔 Julio Cortázar,男,1914-08-26 至 1984-02-02,阿根廷,"[('万火归一', '8.7', '3497'), ('克罗诺皮奥与法玛的故事', '8.8', '2187'), ('动物寓言集', '8.3', '1650'), ('游戏的终结', '8.7', '1349'), ('跳房子', '8.5', '1001'), ('被占的宅子', '8.6', '690')]"
4502485,老舍,男,1899-02-03 至 1966-08-24,中国,"[('骆驼祥子', '8.2', '32910'), ('茶馆', '8.9', '6337'), ('四世同堂', '9.3', '5319'), ('月牙儿', '8.7', '3176'), ('猫城记', '8.6', '2125'), ('茶馆 龙须沟', '8.7', '1872')]"
4553352,施小炜,男,1957,中国,"[('1Q84 BOOK 1', '8.3', '78891'), ('1Q84 BOOK 2', '8.4', '50987'), ('当我谈跑步时我谈些什么', '8.1', '46472'), ('1Q84 BOOK 3', '7.6', '34439'), ('没有色彩的多崎作和他的巡礼之年', '8.2', '21303'), ('眠', '7.6', '10008')]"
4526187,恰克・帕拉尼克 Chuck Palahniuk,男,1962,美国,"[('肠子', '8.3', '12449'), ('隐形怪物', '8.3', '1308'), ('幸存者', '8.2', '541'), ('搏击俱乐部', '8.2', '316'), ('窒息', '7.9', '269'), ('地狱派对', '7.1', '240')]"
4502361,村上春树 Haruki Murakami,男,1949-01-12,日本,"[('挪威的森林', '8.0', '189835'), ('1Q84 BOOK 1', '8.3', '78891'), ('海边的卡夫卡', '8.1', '62458'), ('1Q84 BOOK 2', '8.4', '50987'), ('当我谈跑步时我谈些什么', '8.1', '46472'), ('且听风吟', '7.8', '42479')]"
4582637,米哈伊尔・布尔加科夫 Mikhail Bulgakov,男,1891-05-15 至 1940-03-10,苏联,"[('大师和玛格丽特', '9.0', '2705'), ('狗心', '8.8', '595'), ('不祥的蛋', '8.1', '134'), ('剧院情史', '7.8', '118'), ('莫斯科', '7.8', '85'), ('逃亡', '9.2', '78')]"
4584810,罗伯特・穆齐尔 Robert Musil,男,1880-11-06 至 1942-04-15,奥地利,"[('没有个性的人', '8.9', '493'), ('学生托乐思的迷惘', '8.5', '447'), ('三个女人', '8.3', '366'), ('两个故事', '8.3', '169'), ('穆齐尔散文', '8.6', '150'), ('在世遗作', '8.0', '95')]"
4572322,赫尔曼・黑塞 Hermann Hesse,男,1877-07-02 至 1962-08-09,德国,"[('悉达多', '9.0', '13093'), ('德米安', '9.0', '6820'), ('荒原狼', '8.9', '4270'), ('纳尔齐斯与歌尔德蒙', '9.2', '2574'), ('在轮下', '8.4', '2088'), ('玻璃球游戏', '9.0', '1948')]"
4542912,杨武能,男,1938-04-03,中国,"[('少年维特的烦恼', '7.8', '20298'), ('纳尔齐斯与歌尔德蒙', '9.2', '2574'), ('茵梦湖', '8.4', '700'), ('浮士德', '9.0', '650'), ('悉达多', '9.0', '637'), ('阴谋与爱情', '8.2', '412')]"
4503809,王朔 Shuo Wang,男,1958-08-23,中国,"[('动物凶猛', '8.3', '18198'), ('看上去很美', '8.1', '12651'), ('一半是海水一半是火焰', '8.0', '10265'), ('致女儿书', '7.6', '7794'), ('过把瘾就死', '8.1', '6690'), ('我是你爸爸', '8.2', '5964')]"
4533115,郑克鲁,男,1939,中国,"[('不朽', '8.6', '10358'), ('茶花女', '8.1', '7614'), ('第二性Ⅰ', '8.7', '3376'), ('悲惨世界（上下）', '9.2', '2184'), ('第二性Ⅱ', '9.2', '1698'), ('基度山恩仇记', '9.3', '1481')]"
4504064,威廉・福克纳 William Faulkner,男,1897-09-25 至 1962-07-06,美国,"[('喧哗与骚动', '8.8', '3094'), ('献给爱米丽的一朵玫瑰花', '8.8', '857'), ('野棕榈', '8.5', '702'), ('八月之光', '8.5', '568'), ('我弥留之际', '8.9', '564'), ('押沙龙，押沙龙！', '9.1', '339')]"
4537266,东野圭吾 Keigo Higashino,男,1958-02-04,日本,"[('解忧杂货店', '8.6', '256403'), ('白夜行', '9.1', '200541'), ('嫌疑人X的献身', '8.9', '153574'), ('放学后', '7.6', '77178'), ('恶意', '8.4', '72409'), ('幻夜', '7.5', '42728')]"
4532740,威廉・戈尔丁 William Golding,男,1911-09-19 至 1993-06-19,英国,"[('蝇王', '8.3', '6250'), ('黑暗昭昭', '7.5', '100'), ('埃及纪行', '7.0', '44'), ('金字塔', '8.5', '44'), ('品彻・马丁', '7.8', '37'), ('启蒙之旅', '8.2', '34')]"
129110,朱海观,男,1908-01-01 至 1985-01-01,中国,"[('罪与罚', '8.8', '8463'), ('意大利简史：从古代到现在', '7.1', '14')]"
4521370,韩寒,男,1982-09-23,中国,"[('1988：我想和这个世界谈谈', '7.9', '121981'), ('三重门', '7.4', '96397'), ('长安乱', '7.4', '74141'), ('一座城池', '7.4', '52416'), ('他的国', '7.5', '50870'), ('零下一度', '7.2', '35906')]"
1070126,费奥多尔・陀思妥耶夫斯基 Fyodor Dostoyevsky,男,1821-11-11 至 1881-02-09,俄罗斯,"[('罪与罚', '8.8', '8463'), ('卡拉马佐夫兄弟', '9.4', '7531'), ('白痴', '8.9', '3677'), ('白夜', '8.1', '2463'), ('地下室手记', '9.1', '1805'), ('死屋手记', '9.1', '1298')]"
4544620,弗吉尼亚・伍尔夫 Virginia Woolf,女,1882-01-25 至 1941-03-28,英国,"[('到灯塔去', '8.6', '3558'), ('伍尔夫读书随笔', '8.4', '2269'), ('达洛卫夫人', '8.2', '1461'), ('奥兰多', '8.7', '1327'), ('一间自己的屋子', '8.1', '1312'), ('海浪', '9.0', '660')]"
1285662,阿摩司・奥兹 Amos Oz,男,1939-05-04,以色列,"[('爱与黑暗的故事', '8.7', '1164'), ('我的米海尔', '8.0', '524'), ('咏叹生死', '7.7', '376'), ('故事开始了', '8.3', '302'), ('一样的海', '8.4', '283'), ('乡村生活图景', '8.5', '279')]"
906089,托马斯・沃尔夫 Thomas Wolfe,男,1900-10-03 至 1938-09-15,美国,"[('天使望故乡', '8.6', '566'), ('一位美国小说家的自传', '8.2', '138'), ('时间与河流', '8.6', '83'), ('无处还乡', '7.1', '43'), ('托马斯・沃尔夫短篇小说选', '8.3', '36'), ('太阳与雨', '7.7', '32')]"
184609,杰克・凯鲁亚克 Jack Kerouac,男,1922-03-12 至 1969-10-21,美国,"[('在路上', '7.8', '38845'), ('达摩流浪者', '8.5', '6052'), ('垮掉的一代', '6.8', '3758'), ('孤独旅者', '7.7', '1248'), ('而河马被煮死在水槽里', '7.5', '1230'), ('巴黎之悟', '7.1', '868')]"
4505071,J・K・罗琳 J.K. Rowling,女,1965-07-31,英国,"[('哈利・波特与魔法石', '9.0', '88506'), ('哈利・波特与阿兹卡班的囚徒', '8.9', '74355'), ('哈利・波特与火焰杯', '9.0', '72063'), ('哈利・波特与密室', '8.9', '71946'), ('哈利・波特与混血王子', '8.8', '63109'), ('哈利・波特与凤凰社', '8.7', '59648')]"
1074740,珍妮特・温特森 Jeanette Winterson,女,1959-08-27,英国,"[('橘子不是唯一的水果', '7.7', '9603'), ('写在身体上', '8.2', '2404'), ('给樱桃以性别', '8.0', '1729'), ('守望灯塔', '8.6', '1668'), ('世界和其他地方', '7.5', '1218'), ('激情', '8.4', '1069')]"
4567485,鲍里斯・帕斯捷尔纳克 Boris Pasternak,男,1890-02-10 至 1960-05-30,俄罗斯,"[('日瓦戈医生', '8.6', '2753'), ('三诗人书简', '8.4', '626'), ('第二次诞生', '7.7', '193'), ('阿佩莱斯线条', '8.2', '141'), ('双子星座', '6.8', '139'), ('追寻', '8.4', '88')]"
4572325,张佩芬,女,1933,中国,"[('玻璃球游戏', '9.0', '1948'), ('悉达多', '8.9', '561'), ('法官和他的刽子手', '8.4', '449'), ('婚约', '8.5', '299'), ('迪伦马特小说集', '9.1', '212'), ('少年维特之烦恼', '7.9', '203')]"
4514004,斯蒂芬・茨威格 Stefan Zweig,男,1881-11-28 至 1942-02-22,奥地利,"[('一个陌生女人的来信', '8.7', '44689'), ('一个陌生女子的来信', '8.6', '22556'), ('人类的群星闪耀时', '8.7', '12995'), ('昨日的世界', '9.2', '6305'), ('象棋的故事', '9.0', '5278'), ('昨日之旅', '8.4', '2786')]"
4514008,张玉书,男,1934-01-01,中国,"[('一个陌生女人的来信', '8.7', '44689'), ('象棋的故事', '9.0', '5278'), ('昨日之旅', '8.4', '2786'), ('心灵的焦灼', '8.9', '2466'), ('斯・茨威格中短篇小说选', '9.1', '2274'), ('一个陌生女人的来信', '8.7', '1625')]"
320790,雷蒙德・卡佛 Raymond Carver,男,1938-01-01 至 1988-08-02,美国,"[('当我们谈论爱情时我们在谈论什么', '7.8', '32576'), ('大教堂', '8.5', '8526'), ('雷蒙德・卡佛短篇小说自选集', '8.6', '4423'), ('请你安静些，好吗？', '8.1', '1174'), ('火', '7.6', '982'), ('我们所有人', '8.4', '660')]"
4529909,南派三叔 Kennedy Xu,男,1982-02-20,中国,"[('盗墓笔记', '8.3', '63330'), ('盗墓笔记2', '8.2', '34529'), ('盗墓笔记3', '8.4', '30668'), ('盗墓笔记4', '8.4', '28451'), ('盗墓笔记6', '8.4', '24519'), ('盗墓笔记5', '8.4', '24314')]"
4543693,阿加莎・克里斯蒂 Agatha Christie,女,1890-09-15 至 1976-01-12,英国,"[('东方快车谋杀案', '9.0', '39390'), ('无人生还', '8.9', '35838'), ('尼罗河上的惨案', '8.7', '19319'), ('罗杰疑案', '8.9', '16640'), ('ABC谋杀案', '8.0', '10527'), ('阳光下的罪恶', '8.2', '9636')]"
4550366,简・奥斯汀 Jane Austen,女,1775-12-16 至 1817-07-18,英国,"[('傲慢与偏见', '8.8', '86595'), ('理智与情感', '7.9', '5003'), ('爱玛', '7.8', '3794'), ('劝导', '8.2', '1597'), ('曼斯菲尔德庄园', '7.8', '1565'), ('诺桑觉寺', '7.5', '1038')]"
1251669,桑德拉・希斯内罗丝 Sandra Cisneros,女,1954-12-20,美国,"[('芒果街上的小屋', '7.8', '44436'), ('拉拉的褐色披肩', '8.0', '301'), ('喊女溪', '7.8', '157'), ('芒果街，我自己的小屋', '8.7', '83')]"
344911,潘帕,男,1968,中国,"[('芒果街上的小屋', '7.8', '44436'), ('最初的爱情 最后的仪式', '8.0', '26423'), ('圣诞忆旧集', '8.6', '8898'), ('神谕之夜', '8.1', '2655'), ('沉溺', '7.7', '791')]"
4586460,肖铁,男,1979-08,中国,"[('大教堂', '8.5', '8526'), ('废墟的故事', '8.4', '282'), ('转校生', '7.6', '113'), ('成长的感觉', '9.0', '26'), ('坚硬的早春', '8.2', '13')]"
1384153,库尔特・冯内古特 Kurt Vonnegut,男,1922-11-11 至 2007-04-11,美国,"[('没有国家的人', '7.7', '2029'), ('囚鸟', '8.1', '1604'), ('五号屠场', '8.7', '1036'), ('猫的摇篮', '8.3', '966'), ('冠军早餐 囚鸟', '8.6', '807'), ('众生安眠', '8.1', '554')]"
4502037,林语堂 Yutang Lin,男,1895-10-10 至 1976-03-26,中国,"[('京华烟云', '8.5', '22745'), ('苏东坡传', '8.5', '11048'), ('人生不过如此', '7.8', '4074'), ('生活的艺术', '8.3', '3697'), ('吾国与吾民', '8.5', '3352'), ('风声鹤唳', '7.9', '1818')]"
4566665,保罗・柯艾略 Paulo Coelho,男,1947,巴西,"[('牧羊少年奇幻之旅', '8.6', '55300'), ('维罗妮卡决定去死', '8.2', '7083'), ('我坐在彼德拉河畔，哭泣', '7.9', '2327'), ('波多贝罗的女巫', '7.9', '1926'), ('朝圣', '8.2', '1215'), ('孤独的赢家', '7.6', '923')]"
501139,奥尔罕・帕慕克 Orhan Pamuk,男,1952-06-07,土耳其,"[('我的名字叫红', '7.8', '22121'), ('伊斯坦布尔', '8.4', '8498'), ('纯真博物馆', '8.1', '6261'), ('白色城堡', '7.7', '3553'), ('雪', '8.4', '2521'), ('我脑袋里的怪东西', '8.6', '2366')]"
4525432,欧内斯特・海明威 Ernest Hemingway,男,1899-07-21 至 1961-07-02,美国,"[('老人与海', '8.3', '55662'), ('流动的盛宴', '8.3', '4191'), ('乞力马扎罗的雪', '8.5', '3845'), ('丧钟为谁而鸣', '8.4', '2522'), ('太阳照常升起', '8.0', '2271'), ('乞力马扎罗的雪', '8.4', '2054')]"
4507666,欧・亨利 O. Henry,男,1862-09-11 至 1910-06-05,美国,"[('麦琪的礼物', '8.6', '29960'), ('欧・亨利短篇小说选', '8.8', '7480'), ('最后一片叶子', '8.9', '4015'), ('警察和赞美诗', '8.7', '490'), ('欧・亨利短篇小说集', '8.8', '429'), ('欧・亨利小说全集（全四卷）', '8.9', '312')]"
686964,雅歌塔・克里斯多夫 Agota Kristof,女,1935-10-30 至 2011-07-27,匈牙利,"[('恶童日记', '8.6', '12178'), ('二人证据', '8.5', '5561'), ('第三谎言', '8.6', '4568'), ('第三谎言', '9.0', '242')]"
4502363,林少华,男,1952,中国,"[('挪威的森林', '8.0', '189835'), ('海边的卡夫卡', '8.1', '62458'), ('且听风吟', '7.8', '42479'), ('世界尽头与冷酷仙境', '8.6', '25789'), ('国境以南 太阳以西', '8.3', '24382'), ('舞！舞！舞！', '8.3', '20325')]"
4502389,钱锺书 Zhongshu Qian,男,1910-11-21 至 1998-12-19,中国,"[('围城', '8.9', '193416'), ('人・兽・鬼', '8.7', '7900'), ('写在人生边上 人生边上的边上 石语', '8.9', '7096'), ('写在人生边上', '8.8', '5414'), ('宋诗选注', '8.8', '2241'), ('七缀集', '8.9', '1592')]"
4527477,青山七惠 Nanae Aoyama,女,1983-01-20,日本,"[('一个人的好天气', '7.6', '71857'), ('温柔的叹息', '7.7', '13709'), ('窗灯', '7.4', '9636'), ('碎片', '7.7', '4483'), ('离别之音', '7.8', '2624'), ('新娘', '7.7', '1593')]"
4513690,阿尔贝・加缪 Albert Camus,男,1913-11-07 至 1960-01-04,法国,"[('局外人', '9.0', '32058'), ('鼠疫', '8.5', '4981'), ('西西弗的神话', '8.8', '3950'), ('加缪文集', '9.1', '1874'), ('加缪全集 （小说卷）', '9.3', '1843'), ('置身于苦难与阳光之间', '8.6', '1121')]"
4539732,弗朗茨・卡夫卡 Franz Kafka,男,1883-07-03 至 1924-06-03,奥地利,"[('变形记', '8.4', '21939'), ('城堡', '8.4', '6358'), ('卡夫卡小说全集（全三册）', '9.0', '4619'), ('卡夫卡中短篇小说选', '8.8', '2852'), ('审判', '8.7', '1875'), ('世界文学文库', '8.8', '1172')]"
4508301,金庸 Louis Cha,男,1924-03-10,中国,"[('天龙八部', '9.1', '57192'), ('笑傲江湖（全四册）', '9.0', '50726'), ('神雕侠侣', '8.8', '46315'), ('射雕英雄传（全四册）', '8.9', '33168'), ('鹿鼎记（全五册）', '8.8', '27929'), ('倚天屠龙记(共四册)', '8.5', '25285')]"
573172,路内,男,1973-11-30,中国,"[('少年巴比伦', '8.6', '6498'), ('追随她的旅程', '8.5', '4963'), ('云中人', '7.7', '3027'), ('慈悲', '8.1', '2754'), ('花街往事', '8.6', '2044'), ('天使坠落在哪里', '8.0', '1415')]"
4502077,丰子恺,男,1898-11-09 至 1975-09-15,中国,"[('阿Q正传', '8.7', '30681'), ('源氏物语', '7.8', '14478'), ('梵高生活', '7.4', '1619'), ('活着本来单纯', '8.8', '1260'), ('缘缘堂随笔', '8.8', '1051'), ('不如归', '8.2', '812')]"
4503277,冯骥才,男,1942-02-09,中国,"[('俗世奇人', '8.6', '6538'), ('三寸金莲', '8.3', '975'), ('俗世奇人・贰', '7.4', '819'), ('巴黎，艺术至上', '8.7', '373'), ('巴黎，艺术至上', '8.2', '344'), ('倾听俄罗斯', '8.1', '273')]"
210132,君特・格拉斯 Günter Grass,男,1927-10-16 至 2015-04-13,德国,"[('铁皮鼓', '8.6', '3551'), ('剥洋葱', '8.4', '1085'), ('猫与鼠', '7.5', '409'), ('蟹行', '8.3', '178'), ('比目鱼', '8.3', '160'), ('狗年月', '8.2', '156')]"
4503676,杨绛 Jiang Yang,女,1911-07-17 至 2016-05-25,中国,"[('我们仨', '8.7', '81919'), ('洗澡', '8.2', '13056'), ('走到人生边上', '8.0', '10625'), ('干校六记', '8.6', '3356'), ('将饮茶', '8.9', '2349'), ('堂吉诃德（上下）', '8.7', '2264')]"
4551361,叶广芩,女,1948,中国,"[('采桑子', '9.0', '2756'), ('状元媒', '8.9', '1179'), ('豆汁记', '9.1', '864'), ('青木川', '7.9', '731'), ('逍遥津', '8.8', '523'), ('梦也何曾到谢桥', '8.7', '500')]"
1224710,叶广芩,女,1948,中国,"[('采桑子', '9.0', '2756')]"
4515898,雷蒙德・钱德勒 Raymond Chandler,男,1888-07-23 至 1959-03-26,美国,"[('漫长的告别', '8.1', '8747'), ('长眠不醒', '7.8', '2246'), ('再见，吾爱', '8.1', '1359'), ('高窗', '7.6', '1025'), ('湖底女人', '7.7', '976'), ('小妹妹', '7.7', '764')]"
4502506,鲁迅,男,1881-09-25 至 1936-10-19,中国,"[('呐喊', '8.8', '37622'), ('阿Q正传', '8.7', '30681'), ('朝花夕拾', '8.6', '22382'), ('狂人日记', '8.6', '20886'), ('彷徨', '8.9', '12104'), ('故事新编', '8.9', '5667')]"
4504028,罗曼・罗兰 Romain Rolland,男,1866-01-29 至 1944-12-30,法国,"[('约翰・克利斯朵夫', '8.7', '9194'), ('名人传', '8.0', '3198'), ('贝多芬传（插图珍藏本）', '8.7', '448'), ('米开朗琪罗传', '8.5', '321'), ('巨人三传', '8.8', '230'), ('傅译传记五种', '8.9', '211')]"
4523917,芥川龙之介 Ryūnosuke Akutagawa,男,1892-03-01 至 1927-07-24,日本,"[('罗生门', '8.6', '14855'), ('芥川龙之介全集', '9.3', '1248'), ('地狱变', '9.2', '1146'), ('河童', '8.6', '938'), ('诸神的微笑', '8.7', '802'), ('芥川龙之介精选集', '9.3', '716')]"
4505428,傅雷 Lei Fu,男,1908-04-07 至 1966-09-03,中国,"[('高老头', '8.0', '9438'), ('约翰・克利斯朵夫', '8.7', '9194'), ('傅雷家书', '8.7', '3840'), ('名人传', '8.0', '3198'), ('幸福之路', '8.9', '2637'), ('艺术哲学', '8.7', '1611')]"
4531299,严歌苓 Geling Yan,女,1958-11-16,美国,"[('陆犯焉识', '8.8', '20848'), ('小姨多鹤', '8.6', '16678'), ('金陵十三钗', '8.1', '10826'), ('芳华', '8.1', '10040'), ('第九个寡妇', '8.6', '8796'), ('一个女人的史诗', '8.3', '6669')]"
1358245,J・D・塞林格 J. D. Salinger,男,1919-01-01 至 2010-01-27,Jerome David Salinger,"[('九故事', '8.5', '5873'), ('弗兰妮与祖伊', '8.8', '2258'), ('抬高房梁，木匠们；西摩：小传', '8.7', '1331'), ('麦田守望者', '7.9', '917'), ('世界文学名著珍藏译本・世界文学名著全译本', '8.2', '114'), ('弗兰妮', '8.6', '48')]"
182223,杜鲁门・卡波特 Truman Capote,男,1924-09-30 至 1984-08-25,美国,"[('圣诞忆旧集', '8.6', '8898'), ('蒂凡尼的早餐', '8.1', '8631'), ('冷血', '8.5', '2610'), ('别的声音，别的房间', '8.0', '1779'), ('卡波蒂短篇小说全集', '7.8', '559'), ('草竖琴', '8.3', '552')]"
4513024,路遥,男,1949-12-03 至 1992-11-17,中国,"[('平凡的世界（全三部）', '9.0', '103384'), ('平凡的世界（全三册）', '9.2', '21693'), ('人生', '8.4', '17702'), ('早晨从中午开始', '9.0', '944'), ('路遥全集', '8.6', '495'), ('路遥精选集', '8.3', '308')]"
282866,胡安・鲁尔福 Juan Rulfo,男,1917-05-16 至 1986-01-07,墨西哥,"[('佩德罗・巴拉莫', '8.9', '1948'), ('佩德罗・巴拉莫', '9.0', '1811'), ('燃烧的原野', '8.6', '596'), ('燃烧的原野', '8.6', '530'), ('胡安・鲁尔福全集', '9.2', '294')]"
133360,马克斯・苏萨克 Markus Zusak,男,1975-06-23,澳大利亚,"[('偷书贼', '8.0', '24216'), ('传信人', '7.7', '1392'), ('偷书贼', '7.2', '12'), ('败犬', '7.0', '12')]"
150964,乙一 Otsuichi,男,1978-10-21,日本,"[('ZOO', '8.6', '24722'), ('夏天・烟火・我的尸体', '7.8', '15050'), ('暗黑童话', '8.2', '13299'), ('平面狗', '8.2', '10325'), ('Goth.嗾剖录', '8.6', '6379'), ('只有你到 Calling You', '8.7', '5026')]"
678941,顾漫 Man Gu,女,1981-10-21,中国,"[('何以笙箫默', '7.8', '119955'), ('微微一笑很倾城', '8.0', '78949'), ('杉杉来吃', '6.8', '11864'), ('骄阳似我', '7.9', '5991')]"
348079,约翰・福尔斯 John Fowles,男,1926-03-31 至 2005-11-05,英国,"[('法国中尉的女人', '8.0', '473'), ('收藏家', '8.0', '177'), ('巫术师', '8.3', '148')]"
4589371,约翰・伯格 John Berger,男,1926-11-05 至 2017-01-02,英国,"[('观看之道', '8.3', '2922'), ('我们在此相遇', '8.5', '1899'), ('另一种讲述的方式', '8.1', '1194'), ('约定', '8.7', '526'), ('抵抗的群体', '8.4', '456'), ('讲故事的人', '8.4', '438')]"
346897,陈安全,男,1942,中国,"[('斩首之邀', '8.1', '1129'), ('透明', '7.8', '794'), ('法国中尉的女人', '8.0', '473'), ('巫术师', '8.3', '148'), ('广告：艰难的说服', '7.9', '83'), ('英国文学的伟大传统（上）', '8.3', '56')]"
4545655,斯蒂格・拉森 Stieg Larsson,男,1954-08-15 至 2004-11-09,瑞典,"[('龙文身的女孩', '8.5', '9111'), ('玩火的女孩', '8.7', '4894'), ('直捣蜂窝的女孩', '9.1', '4006'), ('龙文身的女孩 上', '7.6', '30'), ('龙文身的女孩 下', '7.3', '27')]"
4542908,托马斯・曼 Thomas Mann,男,1875-06-06 至 1955-08-12,德国,"[('死于威尼斯', '8.3', '2619'), ('魔山', '8.4', '1858'), ('浮士德博士', '8.9', '333'), ('托马斯.曼文集-中短篇小说选', '8.6', '332'), ('布登勃洛克一家', '8.6', '315'), ('绿蒂在魏玛', '7.3', '140')]"
4503668,余华,男,1960-04-03,中国,"[('活着', '9.1', '138432'), ('许三观卖血记', '8.7', '64232'), ('兄弟（上）', '8.3', '58945'), ('兄弟（下）', '7.4', '37306'), ('第七天', '6.8', '29750'), ('在细雨中呼喊', '8.3', '14655')]"
4506326,安东尼・伯吉斯 Anthony Burgess,男,1917-02-25 至 1993-11-22,英国,"[('发条橙', '8.0', '7876'), ('发条橙 莫扎特与狼帮', '8.1', '1827'), ('莎士比亚', '8.6', '272'), ('海明威', '7.4', '63')]"
4540792,柳鸣九,男,1934-04,中国,"[('羊脂球', '8.1', '43869'), ('局外人', '9.0', '32058'), ('加缪全集 （小说卷）', '9.3', '1843'), ('羊脂球', '8.4', '831'), ('某种微笑', '7.9', '567'), ('加缪全集（全四册）', '9.3', '409')]"
291748,大卫・米切尔 David Mitchell,男,1969-01-12,英国,"[('云图', '8.3', '5739'), ('幽灵代笔', '8.2', '933'), ('格兰塔・不列颠', '7.6', '452'), ('九号梦', '8.6', '296'), ('雅各布・德佐特的千秋', '8.7', '249'), ('绿野黑天鹅', '7.7', '161')]"
1244358,劳伦斯・布洛克 Lawrence Block,男,1938-06-24,美国,"[('八百万种死法', '7.7', '6425'), ('酒店关门之后', '8.2', '1626'), ('父之罪', '8.0', '1600'), ('屠宰场之舞', '8.2', '1565'), ('别无选择的贼', '7.4', '1494'), ('繁花将尽', '8.4', '1381')]"
4511410,麦克・莫波格 Michael Morpurgo,男,1943,英国,"[('柑橘与柠檬啊', '8.1', '10648'), ('帆的孤独啊', '8.0', '357'), ('蝴蝶狮', '7.8', '244'), ('蝴蝶狮', '8.6', '74'), ('柑橘与柠檬啊', '8.4', '64'), ('奔向荒野', '9.1', '48')]"
916089,海莲・汉芙 Helene Hanff,女,1916-04-15 至 1997-04-09,美国,"[('查令十字街84号', '8.3', '25701')]"
4559716,田中芳树,男,1952,日本,"[('银河英雄传说', '9.3', '4843'), ('银河英雄传说VOL.2 野望篇', '9.2', '1883'), ('银河英雄传说VOL.3 雌伏篇', '9.2', '1626'), ('银河英雄传说VOL.4：策谋篇', '9.3', '1468'), ('银河英雄传说VOL.5 风云篇', '9.4', '1445'), ('银河英雄传说VOL.6 飞翔篇', '9.2', '1298')]"
149790,天下霸唱,男,1978-09-25,中国,"[('鬼吹灯之精绝古城', '8.1', '40183'), ('鬼吹灯之云南虫谷', '8.0', '26674'), ('鬼吹灯之龙岭迷窟', '7.8', '24587'), ('鬼吹灯之昆仑神宫', '7.9', '21551'), ('鬼吹灯Ⅱ之一・黄皮子坟', '7.7', '14720'), ('鬼吹灯Ⅱ之二・南海归墟', '7.6', '11798')]"
874871,理查德・耶茨 Richard Yates,男,1926-02-03 至 1992-11-07,美国,"[('十一种孤独', '8.2', '14287'), ('革命之路', '8.7', '2600'), ('复活节游行', '8.6', '1649'), ('恋爱中的骗子', '7.9', '1376'), ('年轻的心在哭泣', '8.3', '1103'), ('好学校', '7.5', '218')]"
152177,谷崎润一郎 Jun'ichirō Tanizaki,男,1886-07-24 至 1965-07-30,日本,"[('阴翳礼赞', '8.5', '3700'), ('细雪', '8.5', '2330'), ('春琴抄', '8.3', '1748'), ('d', '7.5', '1599'), ('钥匙', '7.6', '1581'), ('疯癫老人日记', '7.6', '1190')]"
301893,保罗・奥斯特 Paul Auster,男,1947-02-03,美国,"[('幻影书', '8.4', '3904'), ('孤独及其所创造的', '8.3', '3268'), ('纽约三部曲', '7.8', '3022'), ('神谕之夜', '8.1', '2655'), ('红色笔记本', '7.6', '2216'), ('布鲁克林的荒唐事', '8.2', '1832')]"
199063,石一枫,男,1979,中国,"[('猜火车', '8.4', '3665'), ('红旗下的果儿', '8.0', '515'), ('b小调旧时光', '7.2', '122'), ('世间已无陈金芳', '8.0', '119'), ('我在路上的时候最爱你', '7.7', '113'), ('我妹', '8.8', '110')]"
246961,辛夷坞 Yiwu Xin,女,1981-08-04,中国,"[('致我们终将逝去的青春', '7.8', '81870'), ('原来你还在这里', '7.6', '38426'), ('我在回忆里等你', '7.6', '20433'), ('许我向你看', '7.7', '18607'), ('山月不知心底事', '7.6', '18063'), ('我们', '7.1', '12158')]"
4510362,苏童,男,1963-01-23,中国,"[('妻妾成群', '8.2', '19977'), ('我的帝王生涯', '8.2', '6606'), ('米', '7.8', '4700'), ('红粉', '8.0', '4537'), ('碧奴', '6.6', '4275'), ('黄雀记', '7.3', '3706')]"
4508211,郭敬明,男,1983-06-06,中国,"[('梦里花落知多少', '7.1', '147827'), ('幻城', '7.0', '91044'), ('悲伤逆流成河', '6.2', '85574'), ('1995-2005夏至未至', '7.3', '68793'), ('小时代1.0折纸时代', '6.5', '60946'), ('左手倒影，右手年华。', '6.7', '38044')]"
242214,赫尔曼・麦尔维尔 Herman Melville,男,1819-08-01 至 1891-09-28,美国,"[('白鲸', '8.1', '1555'), ('水手比利・巴德', '8.1', '189'), ('泰比', '6.8', '19')]"
4540899,马里奥・巴尔加斯・略萨 Mario Vargas Llosa,男,1936-03-28,秘鲁,"[('城市与狗', '8.6', '1239'), ('给青年小说家的信', '8.4', '709'), ('公羊的节日', '8.7', '634'), ('绿房子', '8.2', '622'), ('潘达雷昂上尉与劳军女郎', '8.5', '581'), ('天堂在另外那个街角', '8.3', '572')]"
189491,桐华,女,1980-10-18,任海燕,"[('步步惊心', '8.1', '35205'), ('那些回不去的年少时光', '8.5', '28660'), ('大漠谣', '7.8', '21538'), ('云中歌1', '8.1', '18282'), ('那些回不去的年少时光・终场', '8.7', '14925'), ('被时光掩埋的秘密', '7.2', '14275')]"
4511107,列夫・托尔斯泰 Leo Tolstoy,男,1828-09-09 至 1910-11-20,俄罗斯,[]
281031,居伊・德・莫泊桑 Guy de Maupassant,男,1850-08-05 至 1893-07-06,法国,[]
4502438,安妮宝贝（庆山）,女,1974-07-11,中国,"[('莲花', '8.0', '78141'), ('素年锦时', '7.8', '52072'), ('彼岸花', '7.8', '48682'), ('八月未央', '7.5', '48339'), ('清醒纪', '7.9', '45096'), ('告别薇安', '7.5', '37513')]"
4526460,太宰治 Osamu Dazai,男,1909-06-19 至 1948-06-13,日本,"[('人间失格', '8.3', '45022'), ('斜阳', '8.6', '5004'), ('奔跑吧！梅勒斯', '8.4', '2197'), ('女生徒', '8.5', '2136'), ('人间失格', '8.4', '1890'), ('御伽草纸', '8.6', '1583')]"
291796,萨拉・沃特斯 Sarah Waters,女,1966-07-21,英国,"[('荆棘之城', '8.6', '3673'), ('轻舔丝绒', '8.2', '2095'), ('半身', '7.9', '996'), ('小小陌生人', '7.6', '750'), ('格兰塔・不列颠', '7.6', '452'), ('The Night Watch', '8.4', '69')]"
121076,铃木光司 Koji Suzuki,男,1957-05-13,日本,"[('午夜凶铃', '8.3', '3635'), ('午夜凶铃2：复活之路', '7.8', '2077'), ('午夜凶铃3：永生不死', '7.4', '1805'), ('午夜凶铃4：贞相大白', '7.1', '1617'), ('光射之海', '7.0', '839'), ('暗水幽灵', '7.9', '738')]"
4561169,三浦紫苑 Shiwon Miura,女,1976-09-23,日本,"[('多田便利屋', '8.2', '6797'), ('强风吹拂', '9.0', '3090'), ('编舟记', '8.5', '2409'), ('真幌站前番外地', '8.3', '1107'), ('假如岁月足够长', '8.2', '872'), ('真幌站前狂骚曲', '8.6', '859')]"
4524890,查尔斯・狄更斯 Charles Dickens,男,1812-02-07 至 1870-06-09,英国,"[('雾都孤儿', '8.1', '16703'), ('双城记', '8.3', '13853'), ('大卫・科波菲尔（上下）', '8.3', '4315'), ('远大前程', '8.4', '3212'), ('圣诞欢歌', '7.9', '597'), ('艰难时世', '8.0', '289')]"
4523935,弗・司各特・菲茨杰拉德 F. Scott Fitzgerald,男,1896-09-24 至 1940-12-21,美国,"[('了不起的盖茨比', '8.3', '37564'), ('那些忧伤的年轻人', '8.3', '2408'), ('返老还童', '7.8', '1714'), ('夜色温柔', '8.0', '1341'), ('了不起的盖茨比 夜色温柔', '8.4', '1250'), ('爵士时代的故事', '8.4', '685')]"
261504,玛丽・瑞瑙特 Mary Renault,女,1905-09-04,英国,"[('波斯少年', '8.6', '2398'), ('天堂之火', '8.6', '431'), ('葬礼竞技会', '8.7', '192')]"
4507834,郭宏安,男,1943,中国,"[('红与黑', '8.2', '25562'), ('局外人', '8.9', '10079'), ('恶之花', '8.6', '2958'), ('雅克和他的主人', '7.8', '2278'), ('加缪文集', '9.1', '1874'), ('局外人 鼠疫', '9.0', '1584')]"
350894,托马斯・品钦 Thomas Pynchon,男,1937-05-08,美国,"[('万有引力之虹', '8.3', '1233'), ('拍卖第四十九批', '8.2', '375'), ('性本恶', '8.5', '315'), ('V.', '8.4', '230'), ('葡萄园', '7.9', '97')]"
4504721,卡森・麦卡勒斯 Carson McCullers,女,1917-02-19 至 1967-09-29,美国,"[('心是孤独的猎手', '8.5', '23229'), ('伤心咖啡馆之歌', '8.2', '9048'), ('婚礼的成员', '8.4', '2469'), ('金色眼睛的映像', '8.1', '1716'), ('没有指针的钟', '8.2', '1397'), ('抵押出去的心', '7.9', '435')]"
4539186,司汤达 Stendhal,男,1783-01-23 至 1842-03-23,法国,"[('红与黑', '8.2', '25562'), ('巴马修道院', '8.5', '224'), ('拉辛与莎士比亚', '8.2', '90'), ('漫画世界文学名著(1):红与黑(平)', '8.7', '83'), ('司汤达论爱情', '7.2', '71'), ('意大利遗事', '8.4', '69')]"
431269,鹿桥,男,1919,中国,"[('未央歌', '8.5', '5066')]"
4512099,李敖 Ao Li,男,1935-04-25,中国台湾,"[('北京法源寺', '8.4', '7631'), ('李敖有话说', '7.6', '2503'), ('李敖回忆录', '8.0', '1499'), ('李敖快意恩仇录', '7.8', '1134'), ('传统下的独白', '8.2', '1111'), ('上山・上山・', '7.0', '1046')]"
301477,远藤周作 Shūsaku Endō,男,1923-03-27 至 1996-09-29,日本,"[('深河', '8.6', '2958'), ('沉默', '8.5', '2122'), ('日本畅销小说选III', '7.6', '246'), ('海与毒药', '8.4', '235'), ('狐狸庵食道乐', '7.2', '191'), ('砂城', '8.4', '49')]"
1157658,阿兰达蒂・洛伊 Arundhati Roy,女,1961-11-24,印度,"[('微物之神', '8.6', '2012'), ('O分邦', '9.0', '10')]"
4576950,威廉・萨默塞特・毛姆 William Somerset Maugham,男,1874-01-25 至 1965-12-16,英国,"[('月亮和六便士', '9.0', '73779'), ('刀锋', '9.0', '27401'), ('面纱', '8.7', '12726'), ('人生的枷锁', '9.0', '12299'), ('毛姆短篇小说精选集', '9.1', '5095'), ('毛姆读书随笔', '8.6', '4733')]"
4503002,维克多・雨果 Victor Hugo,男,1802-02-26 至 1885-05-22,法国,"[('巴黎圣母院', '8.3', '42393'), ('悲惨世界（上中下）', '8.9', '27147'), ('九三年', '8.8', '2952'), ('笑面人', '8.6', '1772'), ('巴黎圣母院', '8.7', '1208'), ('海上劳工', '8.7', '131')]"
4509243,亚历山大・索尔仁尼琴 Aleksandr Solzhenitsyn,男,1918-12-11 至 2008-08-03,俄罗斯,"[('癌症楼', '8.9', '1481'), ('古拉格群岛（上中下）', '9.2', '1398'), ('伊凡・杰尼索维奇的一天', '8.5', '512'), ('伊万・杰尼索维奇的一天', '8.7', '230'), ('红轮（第一卷 全三册）', '8.4', '183'), ('第一圈(上 下)', '9.2', '111')]"
371045,约瑟夫・海勒 Joseph Heller,男,1923-05-01 至 1999-12-12,美国,"[('第二十二条军规', '8.3', '3662'), ('第二十三条军规', '7.5', '167'), ('得过且过', '7.1', '112'), ('最后一幕', '7.4', '42'), ('上帝知道', '8.6', '40'), ('出事了', '8.4', '22')]"
165838,约翰・斯坦贝克 John Steinbeck,男,1902-02-27 至 1968-12-20,"John Ernst Steinbeck, Jr.","[('人鼠之间', '9.1', '1655'), ('愤怒的葡萄', '8.3', '1464'), ('伊甸之东', '8.7', '317'), ('烦恼的冬天', '7.9', '134'), ('珍珠', '7.9', '112'), ('斯坦贝克携犬横越美国', '8.3', '83')]"
306907,阿瑟・克拉克 Arthur Charles Clarke,男,1917-12-16 至 2008-03-19,英国,"[('2001太空漫游', '9.1', '3902'), ('童年的终结', '8.5', '2185'), ('与拉玛会合', '8.8', '85')]"
377566,唐娜・塔特 Donna Tartt,女,1963,美国,"[('金翅雀', '8.3', '669'), ('校园秘史', '8.6', '286')]"
4578650,让-保罗・萨特 Jean-Paul Sartre,男,1905-06-21 至 1980-04-15,法国,"[('恶心', '8.6', '1931'), ('存在与虚无', '8.5', '1911'), ('他人就是地狱', '8.2', '1462'), ('存在主义是一种人道主义', '8.2', '1290'), ('文字生涯', '8.5', '926'), ('萨特读本', '8.5', '756')]"
108640,J.M.库切 J. M. Coetzee,男,1940-02-09,南非,"[('耻', '8.1', '2257'), ('青春', '8.6', '2219'), ('等待野蛮人', '8.5', '715'), ('迈克尔・K的生活和时代', '8.6', '687'), ('夏日', '8.6', '539'), ('凶年纪事', '8.2', '485')]"
199770,J・R・R・托尔金 J. R. R. Tolkien,男,1892-01-03 至 1973-09-02,英国,"[('魔戒（第一部）', '8.8', '11547'), ('魔戒（第三部）', '8.9', '8012'), ('魔戒（第二部）', '8.8', '7316'), ('霍比特人', '8.6', '4360'), ('精灵宝钻', '8.5', '1969'), ('魔戒', '9.5', '1759')]"
341240,埃里希・玛丽亚・雷马克 Erich Maria Remarque,男,1898-06-22 至 1970-09-25,德国,"[('西线无战事', '8.9', '1651')]"
4534365,黄仁宇 Ray Huang,男,1918-06-25 至 2000-01-08,美国,"[('万历十五年', '8.9', '63045'), ('中国大历史', '8.3', '18664'), ('赫逊河畔谈中国历史', '8.1', '5309'), ('黄河青山', '8.4', '2973'), ('资本主义与二十一世纪', '8.1', '2104'), ('从大历史的角度读蒋介石日记', '8.1', '1373')]"
4519114,埃里希・玛丽亚・雷马克 Erich Maria Remarque,男,1898-06-22 至 1970-09-25,德国,"[('西线无战事', '8.9', '1651'), ('凯旋门', '8.9', '466'), ('里斯本之夜', '8.6', '70'), ('应许之地', '8.1', '53'), ('黑色方尖碑', '9.1', '51'), ('流亡曲', '9.5', '48')]"
4514884,莫言,男,1955-02-17,中国,"[('蛙', '7.9', '13202'), ('檀香刑', '8.2', '12593'), ('生死疲劳', '8.2', '8548'), ('丰乳肥臀', '8.0', '6658'), ('红高粱家族', '8.3', '2336'), ('透明的红萝卜', '7.8', '1822')]"
349238,弗兰纳里・奥康纳 Flannery O'Connor,女,1925-03-25 至 1964-08-03,美国,"[('好人难寻', '8.4', '1521'), ('上升的一切必将汇合', '8.5', '809'), ('智血', '7.6', '488'), ('暴力夺取', '8.0', '227'), ('公园深处', '9.0', '171'), ('生存的习惯', '8.3', '76')]"
4562083,周嘉宁,女,1982-02-16,中国,"[('写在身体上', '8.2', '2404'), ('夏天在倒塌', '7.2', '2027'), ('往南方岁月去', '7.7', '1788'), ('世界和其他地方', '7.5', '1218'), ('倦怠阴天', '6.9', '1166'), ('流浪歌手的情人', '7.4', '1155')]"
301578,道格拉斯・亚当斯 Douglas Adams,男,1952-03-11 至 2001-05-11,英国,"[('银河系漫游指南', '8.8', '14425'), ('宇宙尽头的餐馆', '8.7', '4241'), ('生命，宇宙以及一切', '8.5', '1995'), ('再会，谢谢所有的鱼', '8.1', '1490'), ('基本上无害', '8.7', '1080'), ('银河系搭车客指南（5部曲）', '8.6', '426')]"
229363,维克多・雨果 Victor Hugo,男,1802-02-26 至 1885-05-22,法国,"[('巴黎圣母院', '8.3', '42393'), ('九三年', '8.8', '2952'), ('悲惨世界', '9.5', '1012'), ('悲惨世界', '9.0', '630'), ('海上劳工', '8.9', '260'), ('巴黎圣母院', '8.8', '225')]"
289421,徐兴业,男,1917 至 1990,中国,"[('金瓯缺', '9.0', '609'), ('金瓯缺', '8.9', '254')]"
128699,肯・福莱特 Ken Follett,男,1949-06-05,英国,"[('巨人的陨落', '8.9', '32777'), ('世界的凛冬', '9.0', '9735'), ('永恒的边缘', '7.8', '3585'), ('圣殿春秋（上）', '8.7', '1408'), ('圣殿春秋（下）', '8.8', '1072'), ('寒鸦行动', '8.3', '632')]"
140782,梅绍武,男,1928-12-22 至 2005-09-28,中国,"[('微暗的火', '8.6', '1455'), ('普宁', '8.2', '1407'), ('推销员之死', '8.5', '1118'), ('毛姆短篇小说集', '8.9', '683'), ('萨勒姆的女巫', '8.8', '451'), ('荒诞派戏剧集', '8.8', '338')]"
4510429,亦舒,女,1946-09-25,加拿大,"[('喜宝', '8.1', '44691'), ('我的前半生', '7.9', '21717'), ('她比烟花寂寞', '7.5', '12499'), ('玫瑰的故事', '8.0', '10965'), ('圆舞', '8.0', '10952'), ('开到荼蘼', '7.5', '10841')]"
4579885,廖一梅,女,1970-12-25,中国,"[('悲观主义的花朵', '7.8', '20203'), ('像我这样笨拙地生活', '7.4', '15602'), ('琥珀・恋爱的犀牛', '8.4', '12999'), ('柔软', '8.4', '3915'), ('恋爱的犀牛', '8.7', '404'), ('悲观主义的花朵', '7.2', '71')]"
142947,安德烈・纪德 André Gide,男,1869-11-22 至 1951-02-19,法国,"[('窄门', '8.1', '4743'), ('人间食粮', '8.4', '1347'), ('田园交响曲', '8.4', '904'), ('伪币制造者', '8.4', '676'), ('背德者', '7.8', '670'), ('违背道德的人', '8.2', '483')]"
4508712,川端康成 Yasunari Kawabata,男,1899-06-14 至 1972-04-16,日本,"[('伊豆的舞女', '8.2', '26934'), ('雪国 古都', '8.3', '12991'), ('雪国', '8.1', '12754'), ('雪国 古都 千只鹤', '8.5', '4698'), ('千只鹤', '8.2', '3807'), ('古都', '8.7', '3144')]"
127949,胡允桓,男,1939-01-01,中国,"[('红字', '7.8', '6447'), ('圣殿春秋（上）', '8.7', '1408'), ('圣殿春秋（下）', '8.8', '1072'), ('风暴岛', '7.9', '575'), ('所罗门之歌', '7.7', '516'), ('宽容', '8.2', '515')]"
4543130,乔斯坦・贾德 Jostein Gaarder,男,1952-08-08,挪威,"[('苏菲的世界', '8.5', '63385'), ('纸牌的秘密', '8.5', '4215'), ('橙色女孩', '8.0', '1826'), ('玛雅', '7.9', '1257'), ('圣诞的故事', '7.2', '622'), ('喂,有人在吗?', '7.5', '325')]"
4508714,叶渭渠 Weiqu Ye,男,1929-08-06 至 2010-12-11,中国,"[('伊豆的舞女', '8.2', '26934'), ('雪国 古都', '8.3', '12991'), ('雪国', '8.1', '12754'), ('千只鹤', '8.2', '3807'), ('千只鹤', '8.2', '2115'), ('古都', '8.6', '1850')]"
4502927,李永平,男,1947-09-15,中国台湾,"[('24重人格', '8.0', '6025'), ('纸牌的秘密', '8.5', '4215'), ('幽黯国度', '8.5', '849'), ('上帝的指纹（上下）', '7.7', '360'), ('大河尽头 上卷', '7.9', '330'), ('塞莱斯廷预言', '8.5', '288')]"
4572002,张大春,男,1957-06-14,中国台湾,"[('认得几个字', '8.2', '6368'), ('城邦暴力团（上）', '8.4', '5687'), ('聆听父亲', '8.6', '3453'), ('城邦暴力团（下）', '8.5', '3390'), ('四喜忧国', '7.9', '2342'), ('小说稗类', '8.7', '2245')]"
4503311,夏目漱石 Natsume Sōseki,男,1867-02-09 至 1916-12-09,日本,"[('我是猫', '7.9', '10043'), ('心', '8.7', '4939'), ('梦十夜', '8.2', '1184'), ('草枕', '8.7', '826'), ('虞美人草', '8.3', '782'), ('哥儿', '8.4', '770')]"
4564157,都梁 Liang Du,男,1954,中国,"[('亮剑', '8.9', '12966'), ('血色浪漫', '8.7', '12009'), ('狼烟北平', '7.8', '1776'), ('荣宝斋', '7.1', '676'), ('大崩溃', '8.8', '298'), ('百年往事', '6.7', '83')]"
4509296,朱天文,女,1956-08-24,中国台湾,"[('荒人手记', '8.1', '7211'), ('最好的时光', '8.4', '6115'), ('巫言', '7.6', '3792'), ('世纪末的华丽', '7.8', '3254'), ('淡江记', '7.9', '1562'), ('炎夏之都', '8.3', '1197')]"
3851514,马克・哈登 Mark Haddon,男,1962,英国,"[('深夜小狗神秘事件', '8.3', '1762')]"
4508542,约翰・勒卡雷 John le Carré,男,1931-10-19,英国,"[('锅匠，裁缝，士兵，间谍', '8.3', '1792'), ('柏林谍影', '8.5', '1570'), ('史迈利的人马', '8.7', '459'), ('伦敦口译员', '6.9', '416'), ('荣誉学生', '7.2', '388'), ('永恒的园丁', '7.5', '238')]"
100999,伊恩・麦克尤恩 Ian McEwan,男,1948-06-21,英国,"[('最初的爱情 最后的仪式', '8.0', '26423'), ('只爱陌生人', '7.8', '4430'), ('赎罪', '8.3', '3834'), ('在切瑟尔海滩上', '7.9', '3020'), ('梦想家彼得', '8.3', '2513'), ('床笫之间', '7.6', '2023')]"
4506209,杰克・伦敦 Jack London,男,1876-01-12 至 1916-11-22,美国,"[('野性的呼唤', '8.8', '7050'), ('热爱生命', '9.0', '2425'), ('海狼 野性的呼唤', '8.9', '1496'), ('马丁・伊登', '8.7', '1225'), ('荒野的呼唤', '9.0', '1002'), ('杰克・伦敦小说选', '8.9', '1001')]"
4540878,科尔姆・托宾 Colm Tóibín,男,1955-05-30,爱尔兰,"[('空荡荡的家', '8.6', '862'), ('布鲁克林', '7.9', '769'), ('母与子', '8.4', '666'), ('大师', '8.7', '612'), ('黑水灯塔船', '7.7', '274'), ('布鲁克林', '8.1', '205')]"
4504974,居斯塔夫・福楼拜 Gustave Flaubert,男,1821-12-12 至 1880-05-08,法国,"[('包法利夫人', '7.9', '13714'), ('情感教育', '8.2', '302'), ('情感教育', '8.5', '256'), ('福楼拜文学书简', '8.7', '164'), ('三故事', '8.4', '150'), ('福楼拜小说全集（上中下）', '9.1', '150')]"
4543437,李健吾,男,1906-08-17 至 1982-11-24,中国,"[('包法利夫人', '7.9', '13714'), ('莫里哀喜剧六种', '8.6', '491'), ('情感教育', '8.5', '256'), ('伪君子吝啬鬼', '8.0', '211'), ('福楼拜小说全集（上中下）', '9.1', '150'), ('一颗简单的心', '8.8', '137')]"
161873,黄肃秋,男,1911-01-01 至 1989-01-01,中国,"[('西游记（全二册）', '8.8', '21831'), ('唐人绝句选', '9.4', '21'), ('唐人绝句选', '7.5', '15')]"
4540886,威廉・福克纳 William Faulkner,男,1897-09-25 至 1962-07-06,美国,"[('我弥留之际', '8.8', '1102'), ('八月之光', '8.9', '297'), ('喧哗与骚动', '9.0', '132'), ('圣殿', '7.8', '117'), ('去吧，摩西', '8.2', '52'), ('坟墓的闯入者', '8.2', '13')]"
135826,陈敬容,女,1917-09-02 至 1989-11-08,中国,"[('巴黎圣母院', '8.3', '42393'), ('巴黎圣母院', '8.7', '1208'), ('里尔克诗选', '8.8', '356'), ('图像与花朵', '7.8', '139'), ('巴黎圣母院', '8.3', '102'), ('九叶集', '8.4', '75')]"
4507568,伊夫林・沃 Evelyn Waugh,男,1903-10-28 至 1966-04-10,英国,"[('旧地重游', '8.6', '1245'), ('衰落与瓦解', '8.3', '140'), ('一知半解', '7.0', '108'), ('至爱', '8.1', '92'), ('一把尘土', '7.4', '87'), ('邪恶的肉身', '7.2', '66')]"
4550028,阿尔弗雷德・希区柯克 Alfred Hitchcock,男,1899-08-13 至 1980-04-29,美国,"[('希区柯克悬念故事集', '8.9', '2846'), ('希区柯克悬念故事全集', '8.4', '226'), ('希区柯克喜欢的悬念故事', '8.7', '151'), ('希区柯克悬念故事精品集 插图本 第一辑（共四册）', '8.3', '127'), ('希区柯克悬念故事全集（全8册）', '8.5', '78'), ('希区柯克惊悚经典集', '7.9', '70')]"
4563419,博胡米尔・赫拉巴尔 Bohumil Hrabal,男,1914-03-28 至 1997-02-03,捷克,"[('过于喧嚣的孤独 底层的珍珠', '8.7', '2702'), ('过于喧嚣的孤独', '9.0', '901'), ('我曾侍候过英国国王', '9.0', '645'), ('^於喧痰墓陋', '8.8', '527'), ('我是谁', '8.4', '316'), ('河畔小城', '8.6', '290')]"
148759,米奇・阿尔博姆 Mitch Albom,男,1958-05-23,美国,"[('相约星期二', '8.4', '16774'), ('你在天堂里遇见的五个人', '8.1', '16286'), ('一日重生', '8.1', '3910'), ('来一点信仰', '8.4', '881'), ('时光守护者', '7.6', '267'), ('天堂来的第一个电话', '7.2', '107')]"
4557595,尼尔・盖曼 Neil Gaiman,男,1960-11-10,英国,"[('美国众神', '8.0', '7434'), ('好兆头', '8.7', '2576'), ('坟场之书', '8.3', '2514'), ('星尘', '8.2', '2444'), ('蜘蛛男孩', '8.1', '1413'), ('乌有乡', '8.3', '1266')]"
146144,格雷厄姆・格林 Graham Greene,男,1904-10-02 至 1991-04-03,英国,"[('恋情的终结', '8.1', '4489'), ('恋情的终结', '8.3', '1102'), ('权力与荣耀', '8.6', '750'), ('一个自行发完病毒的病例', '8.6', '547'), ('布赖顿棒糖', '7.9', '483'), ('哈瓦那特派员', '8.0', '464')]"
201939,七堇年,女,1986-10-05,中国,"[('被窝是青春的坟墓', '7.7', '33813'), ('大地之灯', '8.2', '30782'), ('澜本嫁衣', '7.0', '26137'), ('尘曲', '7.7', '11835'), ('少年残像', '7.5', '7773'), ('平生欢', '7.6', '6115')]"
4507615,刘震云,男,1958-05,中国,"[('一句顶一万句', '8.6', '18182'), ('我不是潘金莲', '7.8', '10732'), ('一地鸡毛', '8.1', '7628'), ('我叫刘跃进', '7.4', '3942'), ('手机', '7.8', '3285'), ('温故一九四二', '8.1', '3273')]"
575580,森见登美彦 Tomihiko Morimi,男,1979-01-06,日本,"[('四叠半神话大系', '8.2', '3651'), ('有顶天家族', '8.6', '2720'), ('太阳之塔', '7.4', '1585'), ('恋文的技术', '8.2', '1486'), ('宵山万华镜', '8.2', '1171'), ('春宵苦短，少女前进吧！', '8.4', '1034')]"
152809,傅惟慈,男,1923 至 2014-03-16,中国,"[('月亮和六便士', '9.0', '73779'), ('一九八四・动物农场', '9.3', '24918'), ('1984', '9.4', '16703'), ('毛姆短篇小说精选集', '9.1', '5095'), ('动物农场', '9.2', '4973'), ('爱心树', '9.1', '3132')]"
4578254,戴骢,男,1933,中国,"[('哈扎尔辞典（阳本）', '8.8', '2659'), ('金蔷薇', '9.0', '2492'), ('骑兵军', '8.9', '806'), ('狗心', '8.8', '595'), ('罗亭 贵族之家', '8.1', '391'), ('敖德萨故事', '8.5', '290')]"
4572806,阿乙,男,1976,中国,"[('鸟，看见我了', '8.3', '4844'), ('下面，我该干些什么', '7.3', '4640'), ('灰故事', '8.2', '1582'), ('寡人', '7.9', '1101'), ('春天在哪里', '7.5', '1084'), ('模范青年', '8.1', '649')]"
4514721,笛安,女,1983-08-02,中国,"[('西决', '7.9', '48026'), ('东霓', '8.1', '29855'), ('告别天堂', '7.8', '9840'), ('南音 （上）', '7.5', '9189'), ('南音 （下）', '7.5', '7951'), ('南方有令秧', '7.6', '5618')]"
205548,詹姆斯・M・凯恩 James M. Cain,男,1892-07-01 至 1977-10-27,美国,"[('邮差总按两遍铃', '7.6', '5534'), ('双重赔偿', '8.3', '921'), ('幻世浮生', '8.2', '405'), ('双重赔偿', '7.9', '140'), ('小夜曲', '7.2', '92')]"
315565,伊萨克・巴别尔 Isaac Babel,男,1894-06-13 至 1940-01-27,俄罗斯,"[('骑兵军', '8.9', '806'), ('敖德萨故事', '8.5', '290'), ('巴别尔马背日记', '8.2', '89'), ('骑兵军日记', '6.9', '65'), ('骑兵军・敖德萨故事', '9.8', '49'), ('敖德萨故事', '9.2', '40')]"
4510018,伊凡・谢尔盖耶维奇・屠格涅夫 Ivan Sergeevich Turgenev,男,1818-11-19 至 1883-09-03,俄罗斯,"[('猎人笔记', '8.7', '1073'), ('初恋', '8.3', '724'), ('前夜 父与子', '8.0', '436'), ('贵族之家', '7.9', '434'), ('罗亭', '8.4', '302'), ('春潮', '8.3', '194')]"
4505977,史铁生 Tiesheng Shi,男,1951-01-04 至 2010-12-31,中国,"[('我与地坛', '9.0', '17620'), ('病隙碎笔', '8.8', '6457'), ('灵魂的事', '9.0', '2727'), ('务虚笔记', '8.8', '2714'), ('命若琴弦', '8.9', '2125'), ('病隙碎笔', '8.7', '1248')]"
4520304,埃德加・爱伦・坡 Edgar Allan Poe,男,1809-01-19 至 1849-10-07,美国,"[('爱伦・坡短篇小说集', '8.8', '2788'), ('爱伦・坡暗黑故事全集（上册）', '8.5', '1429'), ('爱伦坡惊悚小说全集', '8.5', '1257'), ('爱伦・坡集', '9.0', '637'), ('怪异故事集', '8.7', '624'), ('爱伦・坡暗黑故事全集（下册）', '8.3', '454')]"
4525872,九把刀 Giddens Ko,男,1978-08-25,中国,"[('那些年，我们一起追的女孩', '8.2', '26357'), ('楼下的房客', '8.1', '11677'), ('等一个人咖啡', '8.4', '7256'), ('後青春期的', '8.0', '5055'), ('功夫', '8.3', '4221'), ('杀手', '8.5', '3616')]"
102872,冯唐,男,1971-05-13,中国,"[('万物生长', '7.7', '16515'), ('三十六大', '7.6', '14233'), ('北京，北京', '7.5', '10189'), ('十八岁给我一个姑娘', '7.3', '9826'), ('活着活着就老了', '7.6', '8899'), ('如何成为一个怪物', '7.5', '6278')]"
4508484,萨克雷 William Makepeace Thackeray,男,1811-07-18 至 1863-12-24,英国,"[('名利场', '8.3', '1847'), ('杨必译文集', '9.2', '29'), ('亨利・艾斯芒德的历史', '8.9', '22'), ('潘登尼斯 （下）', '7.6', '14'), ('潘登尼斯 （上）', '7.6', '14'), ('名利场', '7.6', '14')]"
4566803,艾捷尔・伏尼契 Ethel Voynich,女,1864-05-11 至 1960-07-27,爱尔兰,"[('牛虻', '8.2', '12851'), ('牛虻在流亡中', '8.0', '69'), ('牛虻/世界文学名著', '8.3', '41'), ('牛虻世家', '8.2', '33'), ('牛虻', '8.4', '17'), ('伏尼契小说集', '7.7', '10')]"
4527234,刘瑜,女,1975-12-24,中国,"[('送你一颗子弹', '8.6', '90186'), ('民主的细节', '8.6', '54501'), ('观念的水位', '8.3', '18226'), ('余欢', '7.7', '7940'), ('那么，爱呢？', '7.3', '2975'), ('给理想一点时间', '7.1', '2012')]"
4510841,路易莎・梅・奥尔科特 Louisa May Alcott,女,1832-11-29 至 1888-03-06,美国,"[('小妇人', '8.4', '11548'), ('小男人', '8.2', '274'), ('花朵的故事', '7.5', '24'), ('小妇人', '7.5', '14'), ('床头灯英语学习读本3000词(纯英文版)・第5辑(合订本)(套装共10册)', '7.3', '12'), ('玫瑰花开', '7.1', '11')]"
325495,孔亚雷,男,1975,中国,"[('幻影书', '8.4', '3904'), ('渴望之书', '7.7', '942'), ('不失者', '7.4', '634'), ('生日故事集', '7.7', '468'), ('然而，很美', '8.5', '440'), ('火山旅馆', '7.8', '115')]"
1044438,特里・普拉切特 Terry Pratchett,男,1948 至 2015,英国,"[('碟形世界：猫和少年魔笛手', '8.3', '2614'), ('好兆头', '8.7', '2576'), ('魔法的颜色', '8.6', '1043'), ('异光', '8.9', '585'), ('死神学徒', '8.5', '573'), ('碟形世界2：实习女巫和小小自由人', '8.5', '567')]"
347748,康・帕乌斯托夫斯基,男,1892 至 1968,苏联,"[('金蔷薇', '9.0', '2492'), ('一生的故事（全六册）', '9.4', '90'), ('生活的故事', '9.0', '75'), ('一篮云杉球果', '9.2', '11'), ('猎犬星座', '8.0', '10')]"
314036,当年明月,男,1979,中国,"[('明朝那些事儿（壹）', '8.7', '84233'), ('明朝那些事儿（贰）', '8.9', '42618'), ('明朝那些事儿（1-9）', '9.1', '37104'), ('明朝那些事儿（叁）', '8.9', '35491'), ('明朝那些事儿（肆）', '8.8', '32654'), ('明朝那些事儿（伍）', '8.8', '29741')]"
4524979,伊坂幸太郎 Kōtarō Isaka,男,1971-05-25,日本,"[('金色梦乡', '9.0', '11873'), ('余生皆假期', '7.9', '8362'), ('死神的精确度', '8.0', '7554'), ('重力小丑', '8.1', '6522'), ('奥杜邦的祈祷', '8.1', '4215'), ('华丽人生', '8.6', '4109')]"
234533,布鲁诺・舒尔茨 Bruno Schulz,男,1892-07-12 至 1942-11-19,波兰,"[('鳄鱼街', '8.5', '1266'), ('肉桂色铺子', '8.8', '729'), ('与撒旦的约定', '7.5', '43')]"
193039,博胡米尔・赫拉巴尔 Bohumil Hrabal,男,1914-03-28 至 1997-02-03,捷克,"[('过于喧嚣的孤独', '8.8', '6813'), ('我曾侍候过英国国王', '8.9', '887')]"
1052808,V・S・奈保尔 V. S. Naipaul,男,1932-08-17,英国,"[('米格尔街', '8.5', '2968'), ('大河湾', '8.5', '1040'), ('幽黯国度', '8.5', '849'), ('印度：受伤的文明', '8.1', '820'), ('印度：百万叛变的今天', '8.4', '554'), ('自由国度', '7.7', '444')]"
